Times,CO2_dosage
1534204800,0.160044755
1534291200,0.162133333
1534377600,0.154666667
1534464000,0.1344
1534550400,0.1408
1534636800,0.112
1534723200,0.144
1534809600,0.139733333
1534896000,0.1792
1534982400,0.1536
1535068800,0.104533333
1535155200,0.0736
1535241600,0.0896
1535328000,0.113066667
1535414400,0.046747826
1535500800,0.035778314
1535587200,0.102780669
1535673600,0.095793548
1535760000,0.1152
1535846400,0.126933333
1535932800,0.0992
1536019200,0.098133333
1536105600,0.117333333
1536192000,0.1008
1536278400,0.1024
1536364800,0.1184
1536451200,0.113066666
1536537600,0.110933333
1536624000,0.1248
1536710400,0.069333334
1536796800,0.094933333
1536883200,0.0896
1536969600,0.061866667
1537056000,0.0832
1537142400,0.112
1537228800,0.1088
1537315200,0.120533333
1537401600,0.113066667
1537488000,0.075733333
1537574400,0.036266667
1537660800,0.042666667
1537747200,0.075733334
1537833600,0.0608
1537920000,0.082133333
1538006400,0.122133334
1538092800,0.104533333
1538179200,0.0992
1538265600,0.093866667
1538352000,0.088533333
1538438400,0.0704
1538524800,0.123733333
1538611200,0.072533333
1538697600,0.100266667
1538784000,0.0992
1538870400,0.085333334
1538956800,0.078933333
1539043200,0.093866667
1539129600,0.116266667
1539216000,0.144
1539302400,0.158933333
1539388800,0.164266667
1539475200,0.148266667
1539561600,0.1216
1539648000,0.114133333
1539734400,0.113066666
1539820800,0.084705882
1539907200,0.074304693
1539993600,0.068266667
1540080000,0.0832
1540166400,0.085333333
1540252800,0.088533334
1540339200,0.136533334
1540425600,0.0672
1540512000,0.061866666
1540598400,0.0512
1540684800,0.051573723
1540771200,0.049066667
1540857600,0.043733333
1540944000,0.050133334
1541030400,0.044799999
1541116800,0.049066667
1541203200,0.034133333
1541289600,0.042666667
1541376000,0.039466667
1541462400,0.0608
1541548800,0.0448
1541635200,0.037333333
1541721600,0.033066666
1541808000,0.0416
1541894400,0.007466667
1541980800,0.0384
1542067200,0.033066667
1542153600,0.027733334
1542240000,0.029866666
1542326400,0.034133333
1542412800,0.029333333
1542499200,0.029866667
1542585600,0.032
1542672000,0.032
1542758400,0.033066667
1542844800,0.037333333
1542931200,0.0256
1543017600,0.0336
1543104000,0.022840149
1543190400,0.029866666
1543276800,0.0288
1543363200,0.034133334
1543449600,0.029866667
1543536000,0.047466667
1543622400,0.027733334
1543708800,0.032533333
1543795200,0.039466667
1543881600,0.0288
1543968000,0.026666667
1544054400,0.037333333
1544140800,0.0384