time,T1,T2,C1,V1,RH,Photo,Tpipe,U1,U2,U3,U4,U5,U6,U7,U8,U9,U10,U11,U12
9.001152e8,291.15,296.15,575.0,1200.0,42.70694336208924,0.0,283.15,0.0,0.0,0.0,0.0,0.0,0.0,0.0,0.0,0.0,0.0,0.0,0.0
9.001188e8,291.15,296.15,575.0,1200.0,42.70694336208924,0.0,283.15,0.0,0.0,0.0,0.0,0.0,0.0,0.0,0.0,0.0,0.0,0.0,0.0
9.001224e8,289.89061997712497,288.6790759794662,610.0000000670118,1619.4772572622783,91.79964945650005,-0.0,363.15,1.0,0.0,0.0,0.0,0.0,0.0,0.0,0.0,0.5,0.0,295.0,1.0
9.00126e8,289.9712810165902,288.8507760185344,609.9999999999887,1605.6142281528741,90.01786445744514,-0.0,363.15,1.0,0.0,0.0,0.0,0.0,0.0,0.0,0.0,0.5,0.0,295.00000000000006,1.0
9.001296e8,289.83668953169797,288.77504623341036,610.0,1566.0988614543362,88.2294465615938,-0.0,363.15,1.0,0.0,0.0,0.0,0.0,0.0,0.0,0.0,0.5,0.0,295.0,1.0
9.001332e8,289.5998912152241,288.52272634511786,610.0,1502.4876191153367,86.02686662878257,-0.0,363.1499999999999,1.0,0.0,0.0,0.0,0.0,0.0,0.0,0.0,0.5,0.0,295.0,1.0
9.001368e8,289.4351574988562,288.16097565552514,610.0,1523.7374439878613,89.29657557468481,-0.0,363.15,1.0,0.0,0.0,0.0,0.0,0.0,0.0,0.0,0.5,0.0,295.0,1.0
9.001404e8,289.4163907069453,288.1377551206478,610.000024025367,1537.0569463625059,90.21193674310867,-1.5263814730087038e-5,363.15,1.0,0.0,0.0,0.0,0.0,0.0,0.0,0.0,0.5,0.0,295.0,1.0
9.00144e8,289.24988117101697,288.0913496424902,610.1912541895863,1580.5522162592495,93.04242562259176,-0.012185583559371396,363.15,1.0,0.0,0.0,0.0,0.0,0.0,0.0,0.0,0.5,0.0,295.0,1.0
9.001476e8,289.1927215396163,288.3540392579251,609.3346229576836,1628.856885342385,94.27856385743104,0.04899226545077906,363.15000000000003,1.0,0.0,0.0,0.0,0.0,0.0,0.0,0.0,0.5,0.0,295.0,1.0
9.001512e8,289.9360711009792,289.39796374894735,578.3366782189146,1691.5370391142508,91.57620843916149,3.036364326741736,363.15,0.9221814115060525,0.0,0.0,0.0,0.0,0.0,0.0,0.0,0.5,0.0,295.0,1.0
9.001548e8,290.85599288483894,291.41382399154986,418.12303530710483,1699.2407140976452,80.97750238950876,13.523697061245695,363.15,0.0,0.0,0.0,0.0,0.0,0.0,0.0,0.0,0.5,0.0,295.0,0.9782398040660594
9.001584e8,291.07980836314584,291.60805966076464,352.20092023759724,1665.6879245889563,78.4172485335659,20.06467114439144,363.15000000000003,0.0,0.0,0.0,0.0,0.0,0.0,0.0,0.0,0.5,0.0,295.0,0.0
9.00162e8,291.8434247713038,292.2121174005239,300.78579556396164,1647.4877360895598,74.68523769506109,23.672503872458094,363.15,0.0,0.0,0.0,0.0,0.0,0.0,0.0,0.0,0.5,0.0,295.0,0.0
9.001656e8,292.64391174190456,292.7968022616634,269.6065271285827,1629.8976068550546,71.24698707912633,26.23286052888087,363.15,0.0,0.0,0.0,0.0,0.0,0.0,0.0,0.0,0.5,0.0,295.0,0.0
9.001692e8,293.8229255427773,293.4370446125432,246.57650616962076,1605.3708673984786,67.44579477140407,29.125776467820497,363.15,0.0,0.0,0.0,0.0,0.0,0.0,0.0,0.0,0.5,0.0,294.99999999999994,0.0
9.001728e8,296.72337005988794,294.5076575682747,231.45920769036928,1540.7542834632434,60.60320272245342,31.60813327744909,363.15,0.0,0.0,0.0,0.0,0.0,0.0,0.0,0.0,0.5,0.0,295.0,0.0
9.001764e8,295.3997059008234,294.0892483782664,229.23998152172507,1485.186334342924,59.93756518363305,45.788154911091034,363.15,0.0,0.0,0.0,0.0,0.0,0.0,0.0,0.0,0.5,0.0,295.0,0.8286737774674265
9.0018e8,305.387062468822,297.8371257826711,187.02067815323358,1401.69027414989,45.071691723980855,35.13842255490621,297.8380931583283,0.0,0.0,0.0,0.0,0.0,0.6677866254890135,0.0,0.0,0.5,0.0,295.0,1.0
9.001836e8,303.5744437379803,297.578390033485,191.1098980179641,1348.4672777530639,44.03655394599568,33.61740547915303,297.57881027106,0.0,0.0,0.0,0.0,0.0,0.6067788873082357,0.0,0.0,0.5,0.0,295.0,1.0
9.001872e8,304.74599850576163,298.4300311283007,185.34282629429927,1309.0438744018766,40.63067166378429,31.716558634939283,298.4240295858996,0.0,0.0,0.0,0.0,0.0,0.8056540202116745,0.0,0.0,0.5,0.0,295.0,1.0
9.001908e8,302.8677769878991,297.7246903699584,190.20192948301278,1307.856254696621,42.3380542449983,24.539060860787096,297.69001006928664,0.0,0.0,0.0,0.0,0.0,0.6329435457145055,0.0,0.0,0.5,0.0,295.0,1.0
9.001944e8,295.3440428873187,294.9921526385075,235.22092371585993,1265.7024786494082,48.33041679799633,26.311367218899974,335.5985405827858,0.0,0.0,0.0,0.0,0.0,0.0,0.0,0.0,0.5,0.0,295.0,1.0
9.00198e8,289.8002125729152,292.4480031074248,417.61819630641236,1302.0613113118825,58.16456307495769,10.682007049012139,363.15,0.0,0.0,0.0,0.0,0.0,0.0,0.0,0.0,0.5,0.0,295.0,1.0
9.002016e8,287.7376975628876,290.0703773960302,604.6526545871637,1318.5064342642847,68.39276874063287,0.18536811522608326,363.15,0.0,0.0,0.0,0.0,0.0,0.0,0.0,0.0,0.5,0.0,295.0,1.0
9.002052e8,289.0511910755892,289.4841066367874,610.4882447223792,1383.7549701172104,74.50329552709285,-0.0,363.15,1.0,0.0,0.0,0.0,0.0,0.0,0.0,0.0,0.5,0.0,295.0,1.0
9.002088e8,289.0511910755892,289.4841066367874,610.4882447223792,1383.7549701172104,74.50329552709285,-0.0,363.15,1.0,0.0,0.0,0.0,0.0,0.0,0.0,0.0,0.5,0.0,295.0,1.0
9.002124e8,289.6325809248647,288.6877600717602,610.0003484245899,1538.9696949545557,87.18753347663228,-0.0,363.15,1.0,0.0,0.0,0.0,0.0,0.0,0.0,0.0,0.5,0.0,295.0,1.0
9.00216e8,289.94552192020075,288.7311282599477,610.0,1660.8307571998641,93.8300994968771,-0.0,363.15,1.0,0.0,0.0,0.0,0.0,0.0,0.0,0.0,0.5,0.0,295.0,1.0
9.002196e8,290.5076351842562,288.70477935792366,610.0,1710.5982099749474,96.80513840521921,-0.0,363.15,1.0,0.0,0.0,0.0,0.0,0.0,0.0,0.0,0.5,0.0,295.0,1.0
9.002232e8,290.16102905254155,288.42474716038953,610.0,1663.9306310589106,95.87194714784651,-0.0,363.1499999999999,1.0,0.0,0.0,0.0,0.0,0.0,0.0,0.0,0.5,0.0,295.0,1.0
9.002268e8,289.4518571845987,288.4654092055057,610.0,1637.4509945748964,94.1001077613306,-0.0,363.15,1.0,0.0,0.0,0.0,0.0,0.0,0.0,0.0,0.5,0.0,295.0,1.0
9.002304e8,289.72270678183185,288.2654858057677,610.0,1628.0143831153785,94.76798334285876,-0.0,363.15,1.0,0.0,0.0,0.0,0.0,0.0,0.0,0.0,0.5,0.0,295.0,1.0
9.00234e8,289.8374878109809,288.40319315808824,609.9882114047891,1646.7481052460694,95.01343814714154,0.0013156152993655313,363.15,1.0,0.0,0.0,0.0,0.0,0.0,0.0,0.0,0.5,0.0,295.00000000000006,1.0
9.002376e8,289.76847215278997,288.8137148181609,608.8160741420727,1713.2344319359038,96.27980856849103,0.06984511976981937,363.15,1.0,0.0,0.0,0.0,0.0,0.0,0.0,0.0,0.5,0.0,295.0,1.0
9.002412e8,290.3255903493768,289.507861314791,585.6563420796009,1767.1222930176266,95.0004213696641,0.9051843812243445,363.1499999999999,1.0,0.0,0.0,0.0,0.0,0.0,0.0,0.0,0.5,0.0,295.0,1.0
9.002448e8,290.91483337691153,290.2324990387306,545.0419112718733,1820.007496894571,93.4410207278887,2.7511761564686315,363.15,0.9263072434614853,0.0,0.0,0.0,0.0,0.0,0.0,0.0,0.5,0.0,295.0,0.9263072434614853
9.002484e8,290.687298320108,290.8861025717463,503.885362873521,1824.9534467370079,89.90382327932276,5.6878999222982465,363.15,0.0,0.0,0.0,0.0,0.0,0.0,0.0,0.0,0.5,0.0,295.0,0.0
9.00252e8,290.59945620179053,290.9070654587449,502.63601390415005,1831.374243081798,90.1010095437869,5.959898127036842,363.15000000000003,0.0,0.0,0.0,0.0,0.0,0.0,0.0,0.0,0.5,0.0,295.0,0.0
9.002556e8,290.1533035078006,290.40611394550837,540.4186541568967,1794.4913719824576,91.12384689539408,5.039238937029617,363.15,0.0,0.0,0.0,0.0,0.0,0.0,0.0,0.0,0.5,0.0,295.0,0.0
9.002592e8,290.3111622015249,290.4607339983735,536.9538540574331,1782.652575905234,90.21045618154741,5.548996957199118,363.15,0.0,0.0,0.0,0.0,0.0,0.0,0.0,0.0,0.5,0.0,295.0,0.0
9.002628e8,290.7987275425302,291.0464911406165,511.02460479579327,1822.1465457996505,88.8631584591099,8.732549153334553,363.15,0.0,0.0,0.0,0.0,0.0,0.0,0.0,0.0,0.5,0.0,295.0,0.0
9.002664e8,291.00675457385177,291.34469034359876,499.3692382941389,1840.0616685329053,88.06983118974341,10.131298089089828,363.15,0.0,0.0,0.0,0.0,0.0,0.0,0.0,0.0,0.5,0.0,295.0,0.020425641592940177
9.0027e8,290.93825751859424,291.26501955899715,520.7904385178041,1794.7915018065296,86.33416862645963,8.391292609627724,363.1499999999999,0.0,0.0,0.0,0.0,0.0,0.0,0.0,0.0,0.5,0.0,295.0,1.0
9.002736e8,290.2374796710093,290.5290591840865,571.4419209873004,1776.1670213551147,89.4948122961389,2.853925198945307,363.15,0.0,0.0,0.0,0.0,0.0,0.0,0.0,0.0,0.5,0.0,295.0,1.0
9.002772e8,290.2646558483833,290.51605705612604,581.6965009509247,1799.466797015804,90.74335652352559,2.9599682223379404,363.15,0.0,0.0,0.0,0.0,0.0,0.0,0.0,0.0,0.5,0.0,295.0,1.0
9.002808e8,291.047624192437,291.5265997362184,544.1366872437746,1842.4724048107312,87.18407720594311,6.4145905333348034,363.15000000000003,0.0,0.0,0.0,0.0,0.0,0.0,0.0,0.0,0.5,0.0,295.0,1.0
9.002844e8,291.2254121609223,291.6426219718094,577.1176795974752,1921.2503553581241,90.25290435179896,1.8018238239515176,363.15,0.0,0.0,0.0,0.0,0.0,0.0,0.0,0.0,0.5,0.0,295.0,1.0
9.00288e8,290.9130627803438,291.4166914509026,596.4957562450247,1904.453467834606,90.74060337435736,1.2560609361575181,363.15000000000003,0.0,0.0,0.0,0.0,0.0,0.0,0.0,0.0,0.5,0.0,295.00000000000006,1.0
9.002916e8,290.31496135783004,290.9790358649436,609.8105866746805,1848.428356780415,90.5286091892821,0.013074018624340513,363.15,0.0,0.0,0.0,0.0,0.0,0.0,0.0,0.0,0.5,0.0,295.0,1.0
9.002952e8,290.10773657789053,290.534575400109,609.9999998335105,1781.2985290679053,89.72208245218354,-0.0,363.15,0.0,0.0,0.0,0.0,0.0,0.0,0.0,0.0,0.5,0.0,295.0,1.0
